sep=|
Nome|CPF/CNPJ|UF|Município|Processo|Link do processo|Acórdão|Data do acórdão|Link dos acórdãos|Trânsito em julgado|Data final da sanção|
A. P. B. J. CONSTRUCOES E SERVICOS LTDA|07.405.573/0001-44|CE|JUAZEIRO DO NORTE|007.720/2012-2|https://conecta-tcu.apps.tcu.gov.br/tvp/48116934|2099/2015-PL|19/08/2015|https://contas.tcu.gov.br/pesquisaJurisprudencia/#/resultado/acordao-completo/00772020122.PROC|30/09/2021|30/09/2026
ADRIANY R RODRIGUES|30.139.983/0001-02|PI|TERESINA|011.773/2022-7|https://conecta-tcu.apps.tcu.gov.br/tvp/71321954|2180/2023-PL|25/10/2023|https://contas.tcu.gov.br/pesquisaJurisprudencia/#/resultado/acordao-completo/01177320227.PROC|01/02/2025|01/02/2028
ADVANCIS MAX EQUIPAMENTOS ELETRONICOS LTDA|07.018.110/0001-20|SP|SAO PAULO|003.395/2022-7|https://conecta-tcu.apps.tcu.gov.br/tvp/70375099|802/2024-PL|24/04/2024|https://contas.tcu.gov.br/pesquisaJurisprudencia/#/resultado/acordao-completo/00339520227.PROC|24/06/2025|24/06/2028
ALB ENGENHARIA E SERVIÇOS EIRELI - EPP|04.268.324/0001-66|PB|JOAO PESSOA|005.959/2015-2|https://conecta-tcu.apps.tcu.gov.br/tvp/52727550|2216/2018-PL|19/09/2018|https://contas.tcu.gov.br/pesquisaJurisprudencia/#/resultado/acordao-completo/00595920152.PROC|17/08/2023|17/08/2028
ALFATEC SERVICOS LTDA|28.025.673/0001-15|ES|VITORIA|024.778/2024-9|https://conecta-tcu.apps.tcu.gov.br/tvp/77024985|1610/2025-PL|23/07/2025|https://contas.tcu.gov.br/pesquisaJurisprudencia/#/resultado/acordao-completo/02477820249.PROC|02/06/2026|02/06/2029
ALIANÇA COMUNICAÇÃO E CULTURA LTDA|10.841.500/0001-00|PE|RECIFE|010.925/2015-5|https://conecta-tcu.apps.tcu.gov.br/tvp/52940362|1897/2019-PL|14/08/2019|https://contas.tcu.gov.br/pesquisaJurisprudencia/#/resultado/acordao-completo/01092520155.PROC|13/07/2023|13/07/2028
ALSERV CONSTRUTORA LTDA - ME|08.708.095/0001-04|PB|JOAO PESSOA|016.065/2017-4|https://conecta-tcu.apps.tcu.gov.br/tvp/57597841|1230/2018-PL|30/05/2018|https://contas.tcu.gov.br/pesquisaJurisprudencia/#/resultado/acordao-completo/01606520174.PROC|30/03/2023|30/03/2028
AMERICA CONSTRUCOES E SERVICOS LTDA - ME|05.492.161/0001-63|PB|CAMPINA GRANDE|017.489/2012-1|https://conecta-tcu.apps.tcu.gov.br/tvp/48656241|1091/2018-PL|16/05/2018|https://contas.tcu.gov.br/pesquisaJurisprudencia/#/resultado/acordao-completo/01748920121.PROC|13/11/2021|13/11/2026
AMERICA LOTERIAS LTDA|28.268.936/0001-17|RJ|SAO GONCALO|020.995/2023-7|https://conecta-tcu.apps.tcu.gov.br/tvp/74081558|599/2025-PL|19/03/2025|https://contas.tcu.gov.br/pesquisaJurisprudencia/#/resultado/acordao-completo/02099520237.PROC|24/01/2026|24/01/2031
APOIO CONSTRUTORA LTDA - ME|17.213.324/0001-00|MS|CAMPO GRANDE|041.370/2018-0|https://conecta-tcu.apps.tcu.gov.br/tvp/60669809|153/2023-PL|08/02/2023|https://contas.tcu.gov.br/pesquisaJurisprudencia/#/resultado/acordao-completo/04137020180.PROC|12/03/2026|12/03/2027
ARNOBIO JOAQUIM DOMINGOS DA SILVA|25.008.219/0001-68|PB|CAMPINA GRANDE|005.474/2021-3|https://conecta-tcu.apps.tcu.gov.br/tvp/67106175|653/2024-PL|10/04/2024|https://contas.tcu.gov.br/pesquisaJurisprudencia/#/resultado/acordao-completo/00547420213.PROC|21/02/2026|21/02/2031
ATHENA CONSTRUÇÕES E SERVIÇOS LTDA.|08.028.648/0001-88|CE|MARANGUAPE|012.901/2013-0|https://conecta-tcu.apps.tcu.gov.br/tvp/50045331|2817/2017-PL|06/12/2017|https://contas.tcu.gov.br/pesquisaJurisprudencia/#/resultado/acordao-completo/01290120130.PROC|30/03/2023|30/03/2028
BARBOSA CONSTRUCOES E SERVICOS LTDA - ME|09.134.222/0001-71|PB|JOAO PESSOA|005.959/2015-2|https://conecta-tcu.apps.tcu.gov.br/tvp/52727550|2216/2018-PL|19/09/2018|https://contas.tcu.gov.br/pesquisaJurisprudencia/#/resultado/acordao-completo/00595920152.PROC|17/08/2023|17/08/2028
BIANA CONSTRUÇÕES E SERVIÇOS LTDA.|08.021.035/0001-19|PB|JOAO PESSOA|007.175/2020-5|https://conecta-tcu.apps.tcu.gov.br/tvp/63980991|2096/2021-PL|01/09/2021|https://contas.tcu.gov.br/pesquisaJurisprudencia/#/resultado/acordao-completo/00717520205.PROC|04/04/2023|04/04/2028
BRASIL TEC CONSTRUCOES E SERVICOS LTDA|02.863.828/0001-07|RN|NATAL|030.128/2016-1|https://conecta-tcu.apps.tcu.gov.br/tvp/56499679|210/2025-PL|05/02/2025|https://contas.tcu.gov.br/pesquisaJurisprudencia/#/resultado/acordao-completo/03012820161.PROC|06/08/2025|06/08/2028
BRICK ENGENHARIA E EMPREENDIMENTOS LTDA|08.467.176/0001-60|CE|FORTALEZA|045.577/2012-9|https://conecta-tcu.apps.tcu.gov.br/tvp/49473074|1277/2017-PL|14/06/2017|https://contas.tcu.gov.br/pesquisaJurisprudencia/#/resultado/acordao-completo/04557720129.PROC|12/08/2023|12/08/2028
BR-PRIME-COMERCIAL E SERVICOS LTDA|19.180.210/0001-37|DF|BRASILIA|007.362/2022-6|https://conecta-tcu.apps.tcu.gov.br/tvp/70793215|2165/2022-PL|05/10/2022|https://contas.tcu.gov.br/pesquisaJurisprudencia/#/resultado/acordao-completo/00736220226.PROC|02/11/2022|02/11/2027
BRUNO VIANA PONTES & CIA LTDA|32.461.458/0001-34|MA|TUTOIA|027.605/2020-5|https://conecta-tcu.apps.tcu.gov.br/tvp/65388218|888/2025-PL|23/04/2025|https://contas.tcu.gov.br/pesquisaJurisprudencia/#/resultado/acordao-completo/02760520205.PROC|03/02/2026|03/02/2031
C DE SOUSA MEDEIROS & CIA LTDA|11.131.404/0001-30|PI|TERESINA|018.547/2019-2|https://conecta-tcu.apps.tcu.gov.br/tvp/61887635|1568/2024-PL|07/08/2024|https://contas.tcu.gov.br/pesquisaJurisprudencia/#/resultado/acordao-completo/01854720192.PROC|17/04/2025|17/04/2030
C. J. COMERCIO EIRELI|09.588.514/0001-84|MA|SAO LUIS|001.431/2022-6|https://conecta-tcu.apps.tcu.gov.br/tvp/70179747|1682/2023-PL|16/08/2023|https://contas.tcu.gov.br/pesquisaJurisprudencia/#/resultado/acordao-completo/00143120226.PROC|21/03/2026|21/03/2031
C R ALMEIDA S/A - ENGENHARIA DE OBRAS|33.059.908/0001-20|PR|SAO JOSE DOS PINHAIS|023.253/2017-7|https://conecta-tcu.apps.tcu.gov.br/tvp/57949165|1900/2020-PL|22/07/2020|https://contas.tcu.gov.br/pesquisaJurisprudencia/#/resultado/acordao-completo/02325320177.PROC|25/10/2023|25/10/2026
CASA LOTERICA MUTUA LTDA|17.063.776/0001-53|RJ|SAO GONCALO|020.995/2023-7|https://conecta-tcu.apps.tcu.gov.br/tvp/74081558|599/2025-PL|19/03/2025|https://contas.tcu.gov.br/pesquisaJurisprudencia/#/resultado/acordao-completo/02099520237.PROC|24/01/2026|24/01/2031
CATETO CONSTRUCOES LTDA - ME|07.850.294/0001-90|CE|FORTALEZA|012.493/2013-9|https://conecta-tcu.apps.tcu.gov.br/tvp/50024462|1131/2018-PL|16/05/2018|https://contas.tcu.gov.br/pesquisaJurisprudencia/#/resultado/acordao-completo/01249320139.PROC|04/12/2025|04/12/2030
CBM - EMPRESA BRASILEIRA DE MONTAGENS LTDA|88.157.789/0001-30|SP|SANTANA DE PARNAIBA|031.684/2015-7|https://conecta-tcu.apps.tcu.gov.br/tvp/54272421|1280/2018-PL|06/06/2018|https://contas.tcu.gov.br/pesquisaJurisprudencia/#/resultado/acordao-completo/03168420157.PROC|29/03/2023|29/03/2028
CENTER KENNEDY-CAR PEÇAS E SERVIÇOS LTDA.|02.479.083/0001-79|MA|SAO LUIS|010.349/2003-6|https://conecta-tcu.apps.tcu.gov.br/tvp/3920900|400/2011-PL|16/02/2011|https://contas.tcu.gov.br/pesquisaJurisprudencia/#/resultado/acordao-completo/01034920036.PROC|05/05/2022|05/05/2027
C.M.A. EMPREENDIMENTOS LTDA|26.104.639/0001-00|RR|BOA VISTA|026.554/2024-0|https://conecta-tcu.apps.tcu.gov.br/tvp/77239509|1287/2026-PL|19/05/2026|https://contas.tcu.gov.br/pesquisaJurisprudencia/#/resultado/acordao-completo/02655420240.PROC|16/06/2026|16/06/2029
CMSD TECNOLOGIA LTDA|03.585.905/0001-69|PR|PINHAIS|033.645/2015-9|https://conecta-tcu.apps.tcu.gov.br/tvp/54389410|2486/2020-PL|16/09/2020|https://contas.tcu.gov.br/pesquisaJurisprudencia/#/resultado/acordao-completo/03364520159.PROC|23/01/2026|23/01/2031
COMERCIAL DE ALIMENTOS RURAL LTDA|06.145.514/0001-11|AL|ARAPIRACA|017.456/2016-9|https://conecta-tcu.apps.tcu.gov.br/tvp/55778785|440/2020-PL|04/03/2020|https://contas.tcu.gov.br/pesquisaJurisprudencia/#/resultado/acordao-completo/01745620169.PROC|08/05/2025|08/05/2030
COMERCIAL DE ALIMENTOS RURAL LTDA|06.145.514/0001-11|AL|ARAPIRACA|021.160/2016-3|https://conecta-tcu.apps.tcu.gov.br/tvp/56018076|2336/2020-PL|02/09/2020|https://contas.tcu.gov.br/pesquisaJurisprudencia/#/resultado/acordao-completo/02116020163.PROC|04/03/2023|04/03/2027
COMERCIAL 15 DE NOVEMBRO LTDA|12.419.487/0001-20|AL|ARAPIRACA|017.456/2016-9|https://conecta-tcu.apps.tcu.gov.br/tvp/55778785|440/2020-PL|04/03/2020|https://contas.tcu.gov.br/pesquisaJurisprudencia/#/resultado/acordao-completo/01745620169.PROC|08/05/2025|08/05/2030
COMPACTA ENGENHARIA E SERVICOS LTDA - EPP|05.564.129/0001-46|PI|TERESINA|006.046/2016-9|https://conecta-tcu.apps.tcu.gov.br/tvp/54924825|553/2023-PL|22/03/2023|https://contas.tcu.gov.br/pesquisaJurisprudencia/#/resultado/acordao-completo/00604620169.PROC|31/10/2024|31/10/2026
CONSTRUCOES SOLLO LTDA - ME|04.324.512/0001-64|PB|LAGOA SECA|005.959/2015-2|https://conecta-tcu.apps.tcu.gov.br/tvp/52727550|2216/2018-PL|19/09/2018|https://contas.tcu.gov.br/pesquisaJurisprudencia/#/resultado/acordao-completo/00595920152.PROC|17/08/2023|17/08/2028
CONSTRUTORA BANDEIRANTE LTDA. - EPP|08.270.171/0001-42|PB|JOAO PESSOA|005.959/2015-2|https://conecta-tcu.apps.tcu.gov.br/tvp/52727550|2216/2018-PL|19/09/2018|https://contas.tcu.gov.br/pesquisaJurisprudencia/#/resultado/acordao-completo/00595920152.PROC|17/08/2023|17/08/2028
CONSTRUTORA DAOBRA LTDA - ME|10.482.566/0001-50|PB|LAGOA SECA|005.959/2015-2|https://conecta-tcu.apps.tcu.gov.br/tvp/52727550|2216/2018-PL|19/09/2018|https://contas.tcu.gov.br/pesquisaJurisprudencia/#/resultado/acordao-completo/00595920152.PROC|17/08/2023|17/08/2028
CONSTRUTORA NAUTICA COMERCIO E SERVICOS LTDA|06.132.452/0001-03|CE|FORTALEZA|006.175/2013-9|https://conecta-tcu.apps.tcu.gov.br/tvp/49780096|740/2016-PL|30/03/2016|https://contas.tcu.gov.br/pesquisaJurisprudencia/#/resultado/acordao-completo/00617520139.PROC|30/03/2023|30/03/2028
CONSTRUTORA RENASCER LTDA - ME|09.487.639/0001-18|PB|LAGOA SECA|005.959/2015-2|https://conecta-tcu.apps.tcu.gov.br/tvp/52727550|2216/2018-PL|19/09/2018|https://contas.tcu.gov.br/pesquisaJurisprudencia/#/resultado/acordao-completo/00595920152.PROC|17/08/2023|17/08/2028
CONSTRUTORA SUPORT LTDA - EPP|10.548.764/0001-70|PB|JOAO PESSOA|005.959/2015-2|https://conecta-tcu.apps.tcu.gov.br/tvp/52727550|2216/2018-PL|19/09/2018|https://contas.tcu.gov.br/pesquisaJurisprudencia/#/resultado/acordao-completo/00595920152.PROC|17/08/2023|17/08/2028
CTU SECURITY LLC||||033.781/2023-0|https://conecta-tcu.apps.tcu.gov.br/tvp/74614190|167/2026-PL|28/01/2026|https://contas.tcu.gov.br/pesquisaJurisprudencia/#/resultado/acordao-completo/03378120230.PROC|06/03/2026|06/03/2031
CUBO CONSTRUCOES E SERVICOS LTDA - ME|69.375.202/0001-14|CE|FORTALEZA|011.872/2012-8|https://conecta-tcu.apps.tcu.gov.br/tvp/48340727|1010/2018-PL|02/05/2018|https://contas.tcu.gov.br/pesquisaJurisprudencia/#/resultado/acordao-completo/01187220128.PROC|05/09/2025|05/09/2030
D G DE OLIVEIRA & CIA LTDA|07.127.454/0001-77|PA|BOM JESUS DO TOCANTINS|033.438/2015-3|https://conecta-tcu.apps.tcu.gov.br/tvp/54371233|1014/2022-PL|11/05/2022|https://contas.tcu.gov.br/pesquisaJurisprudencia/#/resultado/acordao-completo/03343820153.PROC|29/05/2025|29/05/2030
DARUMA CONSTRUCOES E EMPREENDIMENTOS LTDA - ME|23.568.447/0001-67|CE|FORTALEZA|012.307/2012-2|https://conecta-tcu.apps.tcu.gov.br/tvp/48377348|3515/2014-PL|03/12/2014|https://contas.tcu.gov.br/pesquisaJurisprudencia/#/resultado/acordao-completo/01230720122.PROC|15/02/2022|15/02/2027
DELMIRA FELICIANO GOMES|17.512.503/0001-49|PB|CAMPINA GRANDE|005.474/2021-3|https://conecta-tcu.apps.tcu.gov.br/tvp/67106175|653/2024-PL|10/04/2024|https://contas.tcu.gov.br/pesquisaJurisprudencia/#/resultado/acordao-completo/00547420213.PROC|23/04/2026|23/04/2031
DJ CONSTRUCOES LTDA - ME|03.592.746/0001-20|PB|LAGOA SECA|025.797/2013-1|https://conecta-tcu.apps.tcu.gov.br/tvp/50562621|2146/2014-PL|20/08/2014|https://contas.tcu.gov.br/pesquisaJurisprudencia/#/resultado/acordao-completo/02579720131.PROC|14/11/2023|14/11/2028
EQUILIBRIUM CONSTRUCOES E SERVICOS LTDA - EPP|09.502.686/0001-93|PB|JOAO PESSOA|005.959/2015-2|https://conecta-tcu.apps.tcu.gov.br/tvp/52727550|2216/2018-PL|19/09/2018|https://contas.tcu.gov.br/pesquisaJurisprudencia/#/resultado/acordao-completo/00595920152.PROC|17/08/2023|17/08/2028
ES EQUIPAMENTOS ELETRONICOS LTDA|40.653.318/0001-96|SP|SAO PAULO|003.395/2022-7|https://conecta-tcu.apps.tcu.gov.br/tvp/70375099|802/2024-PL|24/04/2024|https://contas.tcu.gov.br/pesquisaJurisprudencia/#/resultado/acordao-completo/00339520227.PROC|25/08/2026|25/08/2029
ESTACAO MUSIC FESTAS E RECEPCOES LTDA. - ME|08.913.393/0001-36|PB|CAMPINA GRANDE|013.821/2014-8|https://conecta-tcu.apps.tcu.gov.br/tvp/51404963|2639/2022-PL|30/11/2022|https://contas.tcu.gov.br/pesquisaJurisprudencia/#/resultado/acordao-completo/01382120148.PROC|29/10/2025|29/10/2027
EXITO CONSTRUÇÕES E EMPREENDIMENTOS LTDA|04.986.688/0001-81|CE|FORTALEZA|011.858/2012-5|https://conecta-tcu.apps.tcu.gov.br/tvp/48339834|832/2019-PL|10/04/2019|https://contas.tcu.gov.br/pesquisaJurisprudencia/#/resultado/acordao-completo/01185820125.PROC|18/06/2024|18/06/2029
F. DAS C. T. CLIMACO|04.735.230/0001-50|PI|TERESINA|018.547/2019-2|https://conecta-tcu.apps.tcu.gov.br/tvp/61887635|1568/2024-PL|07/08/2024|https://contas.tcu.gov.br/pesquisaJurisprudencia/#/resultado/acordao-completo/01854720192.PROC|08/03/2025|08/03/2030
FABRICA EVENTOS E MARKETING LTDA - ME|05.493.809/0001-16|PB|CAMPINA GRANDE|013.821/2014-8|https://conecta-tcu.apps.tcu.gov.br/tvp/51404963|2639/2022-PL|30/11/2022|https://contas.tcu.gov.br/pesquisaJurisprudencia/#/resultado/acordao-completo/01382120148.PROC|29/10/2025|29/10/2027
FALCON CONSTRUTORA E SERVIÇOS LTDA|04.327.575/0001-74|CE|FORTALEZA|011.858/2012-5|https://conecta-tcu.apps.tcu.gov.br/tvp/48339834|832/2019-PL|10/04/2019|https://contas.tcu.gov.br/pesquisaJurisprudencia/#/resultado/acordao-completo/01185820125.PROC|29/03/2022|29/03/2027
FERREIRA DORIA LOTERIA ESPORTIVA LTDA|30.934.012/0001-54|RJ|SAO GONCALO|020.995/2023-7|https://conecta-tcu.apps.tcu.gov.br/tvp/74081558|599/2025-PL|19/03/2025|https://contas.tcu.gov.br/pesquisaJurisprudencia/#/resultado/acordao-completo/02099520237.PROC|24/01/2026|24/01/2031
FORZA IMPLEMENTOS E CAMINHOES LTDA|04.302.796/0001-98|GO|ABADIA DE GOIAS|011.089/2025-3|https://conecta-tcu.apps.tcu.gov.br/tvp/78264119|1425/2026-PL|03/06/2026|https://contas.tcu.gov.br/pesquisaJurisprudencia/#/resultado/acordao-completo/01108920253.PROC|01/07/2026|01/01/2027
FREDERICO DE BRITO LIRA|10.564.673/0001-28|PB|CAMPINA GRANDE|005.474/2021-3|https://conecta-tcu.apps.tcu.gov.br/tvp/67106175|653/2024-PL|10/04/2024|https://contas.tcu.gov.br/pesquisaJurisprudencia/#/resultado/acordao-completo/00547420213.PROC|21/02/2026|21/02/2031
GIRAO CONSTRUCOES E SERVICOS LTDA - ME|10.282.149/0001-64|CE|FORTALEZA|045.577/2012-9|https://conecta-tcu.apps.tcu.gov.br/tvp/49473074|1277/2017-PL|14/06/2017|https://contas.tcu.gov.br/pesquisaJurisprudencia/#/resultado/acordao-completo/04557720129.PROC|08/11/2024|08/11/2029
GLOBAL GESTAO EM SAUDE S.A.|10.375.666/0001-88|SP|SAO PAULO|028.814/2022-3|https://conecta-tcu.apps.tcu.gov.br/tvp/72353882|1912/2024-PL|18/09/2024|https://contas.tcu.gov.br/pesquisaJurisprudencia/#/resultado/acordao-completo/02881420223.PROC|31/10/2024|31/10/2027
GOIANA CONSTRUÇÕES E PRESTAÇÕES DE SERVIÇOS LTDA|07.192.755/0001-84|CE|EUSEBIO|016.283/2012-0|https://conecta-tcu.apps.tcu.gov.br/tvp/48596388|1240/2021-PL|26/05/2021|https://contas.tcu.gov.br/pesquisaJurisprudencia/#/resultado/acordao-completo/01628320120.PROC|25/04/2026|25/04/2031
GOIANA CONSTRUÇÕES E PRESTAÇÕES DE SERVIÇOS LTDA|07.192.755/0001-84|CE|EUSEBIO|007.382/2013-8|https://conecta-tcu.apps.tcu.gov.br/tvp/49830217|739/2018-PL|04/04/2018|https://contas.tcu.gov.br/pesquisaJurisprudencia/#/resultado/acordao-completo/00738220138.PROC|10/02/2024|10/02/2029
GOIANA CONSTRUÇÕES E PRESTAÇÕES DE SERVIÇOS LTDA|07.192.755/0001-84|CE|EUSEBIO|007.720/2012-2|https://conecta-tcu.apps.tcu.gov.br/tvp/48116934|2099/2015-PL|19/08/2015|https://contas.tcu.gov.br/pesquisaJurisprudencia/#/resultado/acordao-completo/00772020122.PROC|17/10/2023|17/10/2028
H. C. MEDEIROS DE CARVALHO & CIA LTDA|09.130.801/0001-46|PI|TERESINA|018.547/2019-2|https://conecta-tcu.apps.tcu.gov.br/tvp/61887635|1568/2024-PL|07/08/2024|https://contas.tcu.gov.br/pesquisaJurisprudencia/#/resultado/acordao-completo/01854720192.PROC|13/12/2025|13/12/2030
H D COMERCIO E SERVICOS LTDA - EPP|18.027.097/0001-91|MA|SANTA LUZIA|009.036/2015-6|https://conecta-tcu.apps.tcu.gov.br/tvp/52847702|2587/2021-PL|27/10/2021|https://contas.tcu.gov.br/pesquisaJurisprudencia/#/resultado/acordao-completo/00903620156.PROC|27/08/2022|27/08/2027
HEALTHS GARDENS DISTRIBUIDORA DE MEDICAMENTOS E PRODUTOS PARA A SAUDE SOCIEDADE LTDA|32.680.580/0001-00|SP|SAO CAETANO DO SUL|014.966/2024-7|https://conecta-tcu.apps.tcu.gov.br/tvp/76129962|1514/2026-PL|10/06/2026|https://contas.tcu.gov.br/pesquisaJurisprudencia/#/resultado/acordao-completo/01496620247.PROC|04/07/2026|04/10/2026
HORUS COMERCIAL E SERVICOS LTDA|20.306.945/0001-43|GO|GOIANIA|007.362/2022-6|https://conecta-tcu.apps.tcu.gov.br/tvp/70793215|2165/2022-PL|05/10/2022|https://contas.tcu.gov.br/pesquisaJurisprudencia/#/resultado/acordao-completo/00736220226.PROC|01/11/2022|01/11/2027
I T S - INSTITUTO TERRA SOCIAL|03.463.763/0001-67|CE|EUSEBIO|016.537/2007-6|https://conecta-tcu.apps.tcu.gov.br/tvp/42741081|478/2019-PL|13/03/2019|https://contas.tcu.gov.br/pesquisaJurisprudencia/#/resultado/acordao-completo/01653720076.PROC|26/01/2024|26/01/2029
IMPAKTTO COMERCIO DE PLASTICOS E BORRACHA LTDA|07.410.726/0001-41|SP|SAO PAULO|022.973/2024-9|https://conecta-tcu.apps.tcu.gov.br/tvp/76820087|1070/2026-PL|29/04/2026|https://contas.tcu.gov.br/pesquisaJurisprudencia/#/resultado/acordao-completo/02297320249.PROC|23/05/2026|23/05/2028
INFOCUS PRODUCOES E PUBLICIDADE LTDA - ME|07.848.692/0001-71|CE|FARIAS BRITO|005.846/2014-5|https://conecta-tcu.apps.tcu.gov.br/tvp/51144720|964/2016-PL|20/04/2016|https://contas.tcu.gov.br/pesquisaJurisprudencia/#/resultado/acordao-completo/00584620145.PROC|01/06/2022|01/06/2027
INOVACAO DISTRIBUICAO E COMERCIO LTDA|36.374.273/0001-43|DF|BRASILIA|007.362/2022-6|https://conecta-tcu.apps.tcu.gov.br/tvp/70793215|2165/2022-PL|05/10/2022|https://contas.tcu.gov.br/pesquisaJurisprudencia/#/resultado/acordao-completo/00736220226.PROC|19/04/2023|19/04/2028
INOVAR CONSTRUCOES E SERVICOS LTDA - ME|07.984.256/0001-20|CE|CAUCAIA|011.872/2012-8|https://conecta-tcu.apps.tcu.gov.br/tvp/48340727|1010/2018-PL|02/05/2018|https://contas.tcu.gov.br/pesquisaJurisprudencia/#/resultado/acordao-completo/01187220128.PROC|09/07/2025|09/07/2030
INSTITUTO MUNDIAL DE DESENVOLVIMENTO E DA CIDADANIA - IMDC.|21.145.289/0001-07|MG|BELO HORIZONTE|010.925/2015-5|https://conecta-tcu.apps.tcu.gov.br/tvp/52940362|1897/2019-PL|14/08/2019|https://contas.tcu.gov.br/pesquisaJurisprudencia/#/resultado/acordao-completo/01092520155.PROC|16/04/2024|16/04/2029
J & A CONSTRUÇÕES LTDA|06.272.205/0001-02|CE|FORTALEZA|011.872/2012-8|https://conecta-tcu.apps.tcu.gov.br/tvp/48340727|1010/2018-PL|02/05/2018|https://contas.tcu.gov.br/pesquisaJurisprudencia/#/resultado/acordao-completo/01187220128.PROC|09/07/2025|09/07/2030
J F A DE MORAIS CONSTRUCOES|36.269.156/0001-10|AM|MANAUS|026.173/2021-2|https://conecta-tcu.apps.tcu.gov.br/tvp/68672798|1173/2022-PL|25/05/2022|https://contas.tcu.gov.br/pesquisaJurisprudencia/#/resultado/acordao-completo/02617320212.PROC|21/10/2022|21/10/2027
J. P. L. L. SERVICOS MEDICOS LTDA|32.533.815/0001-22|MA|BREJO|027.605/2020-5|https://conecta-tcu.apps.tcu.gov.br/tvp/65388218|888/2025-PL|23/04/2025|https://contas.tcu.gov.br/pesquisaJurisprudencia/#/resultado/acordao-completo/02760520205.PROC|18/06/2025|18/06/2028
J R PROJETOS E CONSTRUCOES LTDA|04.828.552/0001-43|PB|SANTA RITA|002.652/2014-5|https://conecta-tcu.apps.tcu.gov.br/tvp/51006769|1430/2015-PL|10/06/2015|https://contas.tcu.gov.br/pesquisaJurisprudencia/#/resultado/acordao-completo/00265220145.PROC|30/09/2021|30/09/2026
J.A.F CONSTRUCOES E COMERCIO LTDA|03.488.716/0001-78|PB|PAULISTA|002.652/2014-5|https://conecta-tcu.apps.tcu.gov.br/tvp/51006769|1430/2015-PL|10/06/2015|https://contas.tcu.gov.br/pesquisaJurisprudencia/#/resultado/acordao-completo/00265220145.PROC|30/09/2021|30/09/2026
JESUS E RIBEIRO LTDA|01.407.069/0001-05|PB|POMBAL|002.652/2014-5|https://conecta-tcu.apps.tcu.gov.br/tvp/51006769|1430/2015-PL|10/06/2015|https://contas.tcu.gov.br/pesquisaJurisprudencia/#/resultado/acordao-completo/00265220145.PROC|30/09/2021|30/09/2026
JOAO DE SOUZA MELO|10.757.841/0001-00|PB|JOAO PESSOA|014.246/2014-7|https://conecta-tcu.apps.tcu.gov.br/tvp/51423546|2702/2020-PL|07/10/2020|https://contas.tcu.gov.br/pesquisaJurisprudencia/#/resultado/acordao-completo/01424620147.PROC|28/12/2021|28/12/2026
JUCA E SAMPAIO & CIA LTDA|04.880.599/0001-56|PI|ESPERANTINA|018.547/2019-2|https://conecta-tcu.apps.tcu.gov.br/tvp/61887635|1568/2024-PL|07/08/2024|https://contas.tcu.gov.br/pesquisaJurisprudencia/#/resultado/acordao-completo/01854720192.PROC|13/12/2025|13/12/2030
JURACI PORTELA VALE JUNIOR SERVICOS LTDA|13.107.216/0001-00|MA|TIMON|019.098/2021-9|https://conecta-tcu.apps.tcu.gov.br/tvp/68332737|1217/2023-PL|14/06/2023|https://contas.tcu.gov.br/pesquisaJurisprudencia/#/resultado/acordao-completo/01909820219.PROC|12/06/2026|12/06/2028
JW CONSTRUÇÕES LTDA|05.065.307/0001-94|PB|CAMPINA GRANDE|005.959/2015-2|https://conecta-tcu.apps.tcu.gov.br/tvp/52727550|2216/2018-PL|19/09/2018|https://contas.tcu.gov.br/pesquisaJurisprudencia/#/resultado/acordao-completo/00595920152.PROC|17/08/2023|17/08/2028
LIDER COMERCIO E SERVICOS LTDA|24.153.640/0001-08|CE|FORTALEZA|025.636/2024-3|https://conecta-tcu.apps.tcu.gov.br/tvp/77080664|2683/2025-PL|12/11/2025|https://contas.tcu.gov.br/pesquisaJurisprudencia/#/resultado/acordao-completo/02563620243.PROC|10/12/2025|10/12/2028
LIUGONG LATIN AMERICA MAQUINAS PARA CONSTRUCAO PESADA LTDA.|11.260.925/0002-79|SP|MOGI GUACU|000.157/2024-4|https://conecta-tcu.apps.tcu.gov.br/tvp/75228169|1370/2025-PL|25/06/2025|https://contas.tcu.gov.br/pesquisaJurisprudencia/#/resultado/acordao-completo/00015720244.PROC|12/11/2025|12/11/2026
LIVRAMENTO CONSTRUCOES, SERVICOS E PROJETOS EIRELI|09.326.532/0001-98|PB|MONTEIRO|017.699/2016-9|https://conecta-tcu.apps.tcu.gov.br/tvp/55805748|821/2019-PL|10/04/2019|https://contas.tcu.gov.br/pesquisaJurisprudencia/#/resultado/acordao-completo/01769920169.PROC|22/06/2024|22/06/2029
M A DE SOUSA BARBOSA & CIA LTDA|11.071.809/0001-20|PI|TERESINA|018.547/2019-2|https://conecta-tcu.apps.tcu.gov.br/tvp/61887635|1568/2024-PL|07/08/2024|https://contas.tcu.gov.br/pesquisaJurisprudencia/#/resultado/acordao-completo/01854720192.PROC|30/04/2025|30/04/2030
M P L DE SOUZA|17.486.478/0001-76|MA|CHAPADINHA|019.098/2021-9|https://conecta-tcu.apps.tcu.gov.br/tvp/68332737|1217/2023-PL|14/06/2023|https://contas.tcu.gov.br/pesquisaJurisprudencia/#/resultado/acordao-completo/01909820219.PROC|27/05/2026|27/05/2028
MARCELO GOMES DE AZEVEDO JUNIOR - ME|05.070.411/0001-77|PB|CAMPINA GRANDE|013.821/2014-8|https://conecta-tcu.apps.tcu.gov.br/tvp/51404963|2639/2022-PL|30/11/2022|https://contas.tcu.gov.br/pesquisaJurisprudencia/#/resultado/acordao-completo/01382120148.PROC|26/06/2025|26/06/2027
MARCO ANTONIO QUERINO DA SILVA|11.807.734/0001-01|PB|CAMPINA GRANDE|005.474/2021-3|https://conecta-tcu.apps.tcu.gov.br/tvp/67106175|653/2024-PL|10/04/2024|https://contas.tcu.gov.br/pesquisaJurisprudencia/#/resultado/acordao-completo/00547420213.PROC|25/07/2024|25/07/2029
MARIA CLAUDIVERA SILVA|18.107.594/0001-08|PB|MASSARANDUBA|005.474/2021-3|https://conecta-tcu.apps.tcu.gov.br/tvp/67106175|653/2024-PL|10/04/2024|https://contas.tcu.gov.br/pesquisaJurisprudencia/#/resultado/acordao-completo/00547420213.PROC|24/02/2026|24/02/2031
MARTIER COMERCIO DE MATERIAIS MEDICO E ODONTOLOGICOS LTDA|02.193.025/0001-84|PR|CURITIBA|012.911/2012-7|https://conecta-tcu.apps.tcu.gov.br/tvp/48421998|1155/2021-PL|19/05/2021|https://contas.tcu.gov.br/pesquisaJurisprudencia/#/resultado/acordao-completo/01291120127.PROC|07/10/2021|07/10/2026
MESTRA LTDA.|03.457.778/0001-12|BA|SALVADOR|016.537/2007-6|https://conecta-tcu.apps.tcu.gov.br/tvp/42741081|478/2019-PL|13/03/2019|https://contas.tcu.gov.br/pesquisaJurisprudencia/#/resultado/acordao-completo/01653720076.PROC|20/09/2023|20/09/2028
METALURGICA PERPETUO SOCORRO LTDA - FORZA CAMINHOES E IMPLEMENTOS|31.262.616/0001-64|GO|ABADIA DE GOIAS|040.026/2023-0|https://conecta-tcu.apps.tcu.gov.br/tvp/75077931|1483/2024-PL|24/07/2024|https://contas.tcu.gov.br/pesquisaJurisprudencia/#/resultado/acordao-completo/04002620230.PROC|12/08/2025|12/08/2027
METRO 2 CONSTRUCOES E REFORMAS EIRELI|33.497.269/0001-84|RJ|SAQUAREMA|028.041/2020-8|https://conecta-tcu.apps.tcu.gov.br/tvp/65424173|3172/2021-PL|15/12/2021|https://contas.tcu.gov.br/pesquisaJurisprudencia/#/resultado/acordao-completo/02804120208.PROC|21/01/2022|21/01/2027
NOVO HORIZONTE COMERCIO E SERVICOS LTDA|51.552.005/0001-68|GO|APARECIDA DE GOIANIA|024.122/2024-6|https://conecta-tcu.apps.tcu.gov.br/tvp/76908252|2695/2025-PL|12/11/2025|https://contas.tcu.gov.br/pesquisaJurisprudencia/#/resultado/acordao-completo/02412220246.PROC|17/01/2026|17/01/2027
OSCAR ISKIN & CIA LTDA|33.020.512/0002-50|SP|SAO PAULO|018.771/2018-1|https://conecta-tcu.apps.tcu.gov.br/tvp/59533447|1326/2020-PL|27/05/2020|https://contas.tcu.gov.br/pesquisaJurisprudencia/#/resultado/acordao-completo/01877120181.PROC|22/11/2022|22/11/2027
OVS IMPORTADORA LTDA.|03.394.819/0005-00|SP|ITAPEVI|028.814/2022-3|https://conecta-tcu.apps.tcu.gov.br/tvp/72353882|1912/2024-PL|18/09/2024|https://contas.tcu.gov.br/pesquisaJurisprudencia/#/resultado/acordao-completo/02881420223.PROC|31/10/2024|31/10/2027
PB CONSTRUCOES E SERVICOS EIRELI|11.209.767/0001-41|PB|JOAO PESSOA|005.959/2015-2|https://conecta-tcu.apps.tcu.gov.br/tvp/52727550|2216/2018-PL|19/09/2018|https://contas.tcu.gov.br/pesquisaJurisprudencia/#/resultado/acordao-completo/00595920152.PROC|17/08/2023|17/08/2028
P.B. INVESTMENT EMPRESARIAL S/A|07.376.572/0001-19|GO|GOIANIA|028.814/2022-3|https://conecta-tcu.apps.tcu.gov.br/tvp/72353882|1912/2024-PL|18/09/2024|https://contas.tcu.gov.br/pesquisaJurisprudencia/#/resultado/acordao-completo/02881420223.PROC|25/06/2026|25/06/2029
PIONEIRA CONSTRUCOES LTDA - ME|09.647.682/0001-01|PB|CONDE|014.246/2014-7|https://conecta-tcu.apps.tcu.gov.br/tvp/51423546|2702/2020-PL|07/10/2020|https://contas.tcu.gov.br/pesquisaJurisprudencia/#/resultado/acordao-completo/01424620147.PROC|28/12/2021|28/12/2026
PONTO COM CONSTRUÇÕES E TERCEIRIZAÇÕES LTDA.|04.196.536/0001-85|CE|HORIZONTE|012.901/2013-0|https://conecta-tcu.apps.tcu.gov.br/tvp/50045331|2817/2017-PL|06/12/2017|https://contas.tcu.gov.br/pesquisaJurisprudencia/#/resultado/acordao-completo/01290120130.PROC|28/09/2023|28/09/2028
PRECISA - COMERCIALIZACAO DE MEDICAMENTOS LTDA|03.394.819/0001-79|SP|ITAPEVI|028.814/2022-3|https://conecta-tcu.apps.tcu.gov.br/tvp/72353882|1912/2024-PL|18/09/2024|https://contas.tcu.gov.br/pesquisaJurisprudencia/#/resultado/acordao-completo/02881420223.PROC|31/10/2024|31/10/2027
PRECISION SOLUCOES EM DIAGNOSTICOS LTDA|10.430.441/0001-87|MA|SAO LUIS|001.431/2022-6|https://conecta-tcu.apps.tcu.gov.br/tvp/70179747|1682/2023-PL|16/08/2023|https://contas.tcu.gov.br/pesquisaJurisprudencia/#/resultado/acordao-completo/00143120226.PROC|16/09/2025|16/09/2030
PRESTACON-PRESTADORA DE SERVIÇOS E CONSTRUÇÕES LTDA|04.904.242/0001-60|PB|TAPEROA|005.959/2015-2|https://conecta-tcu.apps.tcu.gov.br/tvp/52727550|2216/2018-PL|19/09/2018|https://contas.tcu.gov.br/pesquisaJurisprudencia/#/resultado/acordao-completo/00595920152.PROC|31/08/2023|31/08/2028
PRESTACON-PRESTADORA DE SERVIÇOS E CONSTRUÇÕES LTDA|04.904.242/0001-60|PB|TAPEROA|020.771/2017-7|https://conecta-tcu.apps.tcu.gov.br/tvp/57818392|4060/2020-PL|08/12/2020|https://contas.tcu.gov.br/pesquisaJurisprudencia/#/resultado/acordao-completo/02077120177.PROC|18/01/2022|18/01/2027
PRESTACON-PRESTADORA DE SERVIÇOS E CONSTRUÇÕES LTDA|04.904.242/0001-60|PB|TAPEROA|001.133/2015-2|https://conecta-tcu.apps.tcu.gov.br/tvp/52443650|2833/2016-PL|09/11/2016|https://contas.tcu.gov.br/pesquisaJurisprudencia/#/resultado/acordao-completo/00113320152.PROC|19/10/2021|19/10/2026
PROJECON PROJETOS E CONSTRUCOES LTDA|05.461.819/0001-70|CE|FORTALEZA|045.577/2012-9|https://conecta-tcu.apps.tcu.gov.br/tvp/49473074|1277/2017-PL|14/06/2017|https://contas.tcu.gov.br/pesquisaJurisprudencia/#/resultado/acordao-completo/04557720129.PROC|22/08/2023|22/08/2028
QUARTZO DA AMAZONIA ENGENHARIA DE DEFESA E CONTROLE LTDA|36.025.698/0001-47|AM|MANAUS|023.459/2022-0|https://conecta-tcu.apps.tcu.gov.br/tvp/72171365|29/2024-PL|17/01/2024|https://contas.tcu.gov.br/pesquisaJurisprudencia/#/resultado/acordao-completo/02345920220.PROC|23/10/2025|23/10/2026
QUARTZO ENGENHARIA DE DEFESA, INDUSTRIA E COMERCIO LTDA|05.316.271/0001-74|RJ|RIO DE JANEIRO|023.459/2022-0|https://conecta-tcu.apps.tcu.gov.br/tvp/72171365|29/2024-PL|17/01/2024|https://contas.tcu.gov.br/pesquisaJurisprudencia/#/resultado/acordao-completo/02345920220.PROC|23/10/2025|23/10/2026
R E P DA AMAZONIA LTDA|44.338.173/0001-90|AM|MANAUS|015.979/2025-3|https://conecta-tcu.apps.tcu.gov.br/tvp/78617360|2020/2026-PL|29/07/2026|https://contas.tcu.gov.br/pesquisaJurisprudencia/#/resultado/acordao-completo/01597920253.PROC|25/08/2026|25/08/2027
R R DISTRIBUIDORA LTDA|23.641.425/0001-85|AL|ARAPIRACA|010.881/2018-2|https://conecta-tcu.apps.tcu.gov.br/tvp/59092171|927/2023-PL|10/05/2023|https://contas.tcu.gov.br/pesquisaJurisprudencia/#/resultado/acordao-completo/01088120182.PROC|28/09/2023|28/09/2028
R R DISTRIBUIDORA LTDA|23.641.425/0001-85|AL|ARAPIRACA|010.850/2018-0|https://conecta-tcu.apps.tcu.gov.br/tvp/59090885|2697/2022-PL|07/12/2022|https://contas.tcu.gov.br/pesquisaJurisprudencia/#/resultado/acordao-completo/01085020180.PROC|04/03/2023|04/03/2028
R R DISTRIBUIDORA LTDA|23.641.425/0001-85|AL|ARAPIRACA|010.712/2018-6|https://conecta-tcu.apps.tcu.gov.br/tvp/59080540|1881/2021-PL|04/08/2021|https://contas.tcu.gov.br/pesquisaJurisprudencia/#/resultado/acordao-completo/01071220186.PROC|22/03/2022|22/03/2027
RENASCENCA EMPREENDIMENTOS EIRELI|08.487.196/0001-00|RN|ASSU|030.128/2016-1|https://conecta-tcu.apps.tcu.gov.br/tvp/56499679|210/2025-PL|05/02/2025|https://contas.tcu.gov.br/pesquisaJurisprudencia/#/resultado/acordao-completo/03012820161.PROC|07/03/2025|07/03/2028
RENATO FAUSTINO DA SILVA|29.972.807/0001-78|PB|CAMPINA GRANDE|005.474/2021-3|https://conecta-tcu.apps.tcu.gov.br/tvp/67106175|653/2024-PL|10/04/2024|https://contas.tcu.gov.br/pesquisaJurisprudencia/#/resultado/acordao-completo/00547420213.PROC|24/02/2026|24/02/2031
RESTAURANTE E LANCHONETE MARITOCA LTDA.|09.402.960/0001-52|SP|OSASCO|033.165/2014-9|https://conecta-tcu.apps.tcu.gov.br/tvp/52285193|813/2019-PL|10/04/2019|https://contas.tcu.gov.br/pesquisaJurisprudencia/#/resultado/acordao-completo/03316520149.PROC|04/04/2024|04/04/2027
RF CONSTRUCAO, INCORPORACAO E IMOBILIARIA LTDA|11.482.053/0001-02|PB|REMIGIO|005.959/2015-2|https://conecta-tcu.apps.tcu.gov.br/tvp/52727550|2216/2018-PL|19/09/2018|https://contas.tcu.gov.br/pesquisaJurisprudencia/#/resultado/acordao-completo/00595920152.PROC|17/08/2023|17/08/2028
RICARDO F DOS SANTOS NETO|08.958.558/0001-96|MA|SANTA QUITERIA DO MARANHAO|019.098/2021-9|https://conecta-tcu.apps.tcu.gov.br/tvp/68332737|1217/2023-PL|14/06/2023|https://contas.tcu.gov.br/pesquisaJurisprudencia/#/resultado/acordao-completo/01909820219.PROC|06/10/2023|06/10/2028
RICCO FOOD SERVIÇOS ALIMENTÍCIOS EIRELI|14.619.152/0001-81|MA|SAO LUIS|026.060/2017-5|https://conecta-tcu.apps.tcu.gov.br/tvp/58089557|2729/2022-PL|07/12/2022|https://contas.tcu.gov.br/pesquisaJurisprudencia/#/resultado/acordao-completo/02606020175.PROC|07/11/2025|07/05/2027
ROGERIO LUIS DE LIMA BARROS - SUPRIMENTOS DE INFORMATICA LTDA|35.398.758/0001-04|RJ|RIO DE JANEIRO|023.459/2022-0|https://conecta-tcu.apps.tcu.gov.br/tvp/72171365|29/2024-PL|17/01/2024|https://contas.tcu.gov.br/pesquisaJurisprudencia/#/resultado/acordao-completo/02345920220.PROC|23/10/2025|23/10/2026
ROSILDO DE LIMA SILVA|23.821.927/0001-98|PB|CAMPINA GRANDE|005.474/2021-3|https://conecta-tcu.apps.tcu.gov.br/tvp/67106175|653/2024-PL|10/04/2024|https://contas.tcu.gov.br/pesquisaJurisprudencia/#/resultado/acordao-completo/00547420213.PROC|25/02/2026|25/02/2031
SAULO DE TARSO GRANGEIRO DE FARIAS - EPP|11.471.073/0001-88|PB|LAGOA SECA|005.959/2015-2|https://conecta-tcu.apps.tcu.gov.br/tvp/52727550|2216/2018-PL|19/09/2018|https://contas.tcu.gov.br/pesquisaJurisprudencia/#/resultado/acordao-completo/00595920152.PROC|17/08/2023|17/08/2028
SERVCON CONSTRUCOES COMERCIO E SERVICOS LTDA - EPP|10.997.953/0001-20|PB|CAJAZEIRAS|014.192/2015-2|https://conecta-tcu.apps.tcu.gov.br/tvp/53103160|1846/2020-PL|15/07/2020|https://contas.tcu.gov.br/pesquisaJurisprudencia/#/resultado/acordao-completo/01419220152.PROC|08/03/2022|08/03/2027
SINAL VERDE LOTERIA ESPORTIVA LTDA|10.596.962/0001-09|RJ|SAO GONCALO|020.995/2023-7|https://conecta-tcu.apps.tcu.gov.br/tvp/74081558|599/2025-PL|19/03/2025|https://contas.tcu.gov.br/pesquisaJurisprudencia/#/resultado/acordao-completo/02099520237.PROC|15/07/2026|15/07/2031
SISTEMATECH INFORMATICA EIRELI - ME|10.981.677/0001-01|SP|BARUERI|006.195/2019-9|https://conecta-tcu.apps.tcu.gov.br/tvp/61221761|2166/2022-PL|05/10/2022|https://contas.tcu.gov.br/pesquisaJurisprudencia/#/resultado/acordao-completo/00619520199.PROC|26/11/2025|26/11/2026
SM SERVICE SYSTEM TERCEIRIZADOS EIRELI|08.431.441/0001-50|SP|SOROCABA|007.071/2024-8|https://conecta-tcu.apps.tcu.gov.br/tvp/75680510|1273/2025-PL|04/06/2025|https://contas.tcu.gov.br/pesquisaJurisprudencia/#/resultado/acordao-completo/00707120248.PROC|08/08/2026|08/08/2031
SOL BRAZEN INCORPORACOES E CONSTRUCOES EIRELI|08.818.271/0001-60|RN|NATAL|030.128/2016-1|https://conecta-tcu.apps.tcu.gov.br/tvp/56499679|210/2025-PL|05/02/2025|https://contas.tcu.gov.br/pesquisaJurisprudencia/#/resultado/acordao-completo/03012820161.PROC|25/02/2025|25/02/2030
SOLARTERRA LTDA|06.943.661/0001-37|SP|SAO PAULO|008.102/2024-4|https://conecta-tcu.apps.tcu.gov.br/tvp/75830068|2326/2024-PL|30/10/2024|https://contas.tcu.gov.br/pesquisaJurisprudencia/#/resultado/acordao-completo/00810220244.PROC|09/07/2025|09/05/2028
SOROCABA SERVICE SYSTEM TERCEIRIZADOS LTDA|39.151.848/0001-57|SP|SOROCABA|007.071/2024-8|https://conecta-tcu.apps.tcu.gov.br/tvp/75680510|1273/2025-PL|04/06/2025|https://contas.tcu.gov.br/pesquisaJurisprudencia/#/resultado/acordao-completo/00707120248.PROC|28/02/2026|28/02/2031
S.S. SOLUTIONS CIENTIFICA LTDA|07.731.546/0001-61|ES|VITORIA|024.778/2024-9|https://conecta-tcu.apps.tcu.gov.br/tvp/77024985|1610/2025-PL|23/07/2025|https://contas.tcu.gov.br/pesquisaJurisprudencia/#/resultado/acordao-completo/02477820249.PROC|02/06/2026|02/06/2029
TL CONSTRUTORA LTDA|00.058.984/0001-61|BA|SALVADOR|016.531/2007-2|https://conecta-tcu.apps.tcu.gov.br/tvp/42741061|694/2019-PL|27/03/2019|https://contas.tcu.gov.br/pesquisaJurisprudencia/#/resultado/acordao-completo/01653120072.PROC|02/11/2022|02/11/2027
VECTRA CONSTRUÇÕES LTDA|04.456.669/0001-43|PB|LAGOA SECA|014.246/2014-7|https://conecta-tcu.apps.tcu.gov.br/tvp/51423546|2702/2020-PL|07/10/2020|https://contas.tcu.gov.br/pesquisaJurisprudencia/#/resultado/acordao-completo/01424620147.PROC|28/12/2021|28/12/2026
WILAM M R CAMPOS & CIA LTDA|11.820.678/0001-37|PI|TERESINA|018.547/2019-2|https://conecta-tcu.apps.tcu.gov.br/tvp/61887635|1568/2024-PL|07/08/2024|https://contas.tcu.gov.br/pesquisaJurisprudencia/#/resultado/acordao-completo/01854720192.PROC|13/12/2025|13/12/2030