ref_ato;id_materia;arquivo;data_publicacao;data_ato;identificacao_ato;orgao;area;cnpj;cnpj_dv_ok;entidade;municipio_uf;tipo_ato;deferido;detalhe;validade;edicao;pagina;url_pdf;fonte;trecho;conf_cnpj;conf_entidade;conf_tipo;conf_deferido;conf_area;obs
24235373#1;24235373;515_20260814_24235373.xml;2026-08-14;2026-08-13;Despacho gm/ms Nº 78, DE 13 DE agosto DE 2026;Ministério da Saúde/Gabinete do Ministro;SAUDE;44420926000101;S;INSTITUTO DE ESTUDOS E INCENTIVO A NOVAS TECNOLOGIAS DA SAÚDE, POLÍTICAS SOCIAIS E SOLUÇÕES AMBIENTAIS E DIGITAIS;RS;INDEFERIMENTO;N;recurso negado;;153;97;http://pesquisa.in.gov.br/imprensa/jsp/visualiza/index.jsp?data=14/08/2026&jornal=515&pagina=97;DOU_XML;"Decisão: À vista do que consta dos autos, adoto como razões de decidir os fundamentos de mérito e de fato apresentados no Parecer Técnico nº 392/2025-CGCER/DCEBAS/SAES/MS; na Nota Técnica nº 40/2026-CGCER/DCEBAS/SAES/MS e na Nota Técnica nº 179/2026-CGCER/DCEBAS/SAES/MS, bem como as razões de direito expostas pela Consultoria Jurídica, nos termos do Parecer Referencial nº 00003/2021/CONJUR-MS/CGU/AGU, ratificado pelo Parecer nº 00683/2022/CONJUR-MS/CGU/AGU, e NEGO PROVIMENTO ao recurso administrativo interposto pela Entidade em epígrafe.";OK;OK;OK;OK;OK;"recurso negado contra indeferimento; tipo=INDEFERIMENTO mantido; municipio so UF (texto traz NOME/RS)"
24234822#1;24234822;515_20260814_24234822.xml;2026-08-14;2026-07-30;Portaria SAES/MS Nº 4.595, DE 30 DE julho DE 2026;Ministério da Saúde/Secretaria de Atenção Especializada à Saúde;SAUDE;15175839000138;S;Fundação Colombo Spínola;Salvador/BA;RENOVACAO;S;;25 de fevereiro de 2027 a 24 de fevereiro de 2030;153;110;http://pesquisa.in.gov.br/imprensa/jsp/visualiza/index.jsp?data=14/08/2026&jornal=515&pagina=110;DOU_XML;Defere a Renovação do CEBAS da Fundação Colombo Spínola, com sede em Salvador (BA).;OK;OK;OK;OK;OK;
24291510#1;24291510;515_20260827_24291510.xml;2026-08-27;2026-08-18;Portaria SAES/MS Nº 4.727, DE 18 DE agosto DE 2026;Ministério da Saúde/Secretaria de Atenção Especializada à Saúde;SAUDE;45615309000124;S;Irmandade do Senhor Bom Jesus dos Passas da Santa Casa de Misericórdia de Braganca Paulista;Braganca Paulista/SP;RENOVACAO;S;;1º de janeiro de 2025 a 31 de dezembro de 2027;162;69;http://pesquisa.in.gov.br/imprensa/jsp/visualiza/index.jsp?data=27/08/2026&jornal=515&pagina=69;DOU_XML;Defere a Renovação do CEBAS da Irmandade do Senhor Bom Jesus dos Passas da Santa Casa de Misericórdia de Braganca Paulista, com sede em Braganca Paulista (SP).;OK;OK;OK;OK;OK;
24291523#1;24291523;515_20260827_24291523.xml;2026-08-27;2026-08-21;Portaria SAES/MS Nº 4.762, DE 21 DE agosto DE 2026;Ministério da Saúde/Secretaria de Atenção Especializada à Saúde;SAUDE;84942887000127;S;Associação Nossa Senhora dos Prazeres;Lages/SC;RENOVACAO;S;;1º de janeiro de 2025 a 31 de dezembro de 2027;162;74;http://pesquisa.in.gov.br/imprensa/jsp/visualiza/index.jsp?data=27/08/2026&jornal=515&pagina=74;DOU_XML;Defere a Renovação do CEBAS da Associação Nossa Senhora dos Prazeres, com sede em Lages (SC).;OK;OK;OK;OK;OK;
24234789#1;24234789;515_20260814_24234789.xml;2026-08-14;2026-08-07;Portaria SAES/MS Nº 4.667, DE 7 DE agosto DE 2026;Ministério da Saúde/Secretaria de Atenção Especializada à Saúde;SAUDE;81609091000169;S;Casa de Caridade Hospital São Vicente de Paulo;Tomazina/PR;RECONSIDERACAO;S;renovacao;1º de janeiro 2025 a 31 de dezembro de 2027;153;114;http://pesquisa.in.gov.br/imprensa/jsp/visualiza/index.jsp?data=14/08/2026&jornal=515&pagina=114;DOU_XML;Defere, em grau de Reconsideração, a Renovação do CEBAS da Casa de Caridade Hospital São Vicente de Paulo, com sede em Tomazina (PR).;OK;OK;OK;OK;OK;"reconsideracao deferida; Art. 2 torna sem efeito a Portaria 4.113/2026 (nao extraido como campo)"
24291516#1;24291516;515_20260827_24291516.xml;2026-08-27;2026-08-14;Portaria SAES/MS Nº 4.706, DE 14 DE agosto DE 2026;Ministério da Saúde/Secretaria de Atenção Especializada à Saúde;SAUDE;86108800000146;S;Associação Hospitalar Beneficente de Saudades;Saudades/SC;RENOVACAO;S;;1º de janeiro de 2025 a 31 de dezembro de 2027;162;69;http://pesquisa.in.gov.br/imprensa/jsp/visualiza/index.jsp?data=27/08/2026&jornal=515&pagina=69;DOU_XML;Defere a Renovação do CEBAS da Associação Hospitalar Beneficente de Saudades, com sede em Saudades (SC).;OK;OK;OK;OK;OK;
24234801#1;24234801;515_20260814_24234801.xml;2026-08-14;2026-08-05;Portaria SAES/MS Nº 4.632, DE 5 DE agosto DE 2026;Ministério da Saúde/Secretaria de Atenção Especializada à Saúde;SAUDE;15415694000103;S;Hospital Nossa Senhora da Oliveira;Vacaria/RS;RENOVACAO;S;;1º de janeiro de 2027 a 31 de dezembro de 2029;153;111;http://pesquisa.in.gov.br/imprensa/jsp/visualiza/index.jsp?data=14/08/2026&jornal=515&pagina=111;DOU_XML;Defere a Renovação do CEBAS do Hospital Nossa Senhora da Oliveira, com sede em Vacaria (RS).;OK;OK;OK;OK;OK;
24291511#1;24291511;515_20260827_24291511.xml;2026-08-27;2026-08-18;Portaria SAES/MS Nº 4.726, DE 18 DE agosto DE 2026;Ministério da Saúde/Secretaria de Atenção Especializada à Saúde;SAUDE;15170723000106;S;Liga Álvaro Bahia Contra à Mortalidade Infantil;Salvador/BA;RENOVACAO;S;;1º de janeiro de 2025 a 31 de dezembro de 2027;162;69;http://pesquisa.in.gov.br/imprensa/jsp/visualiza/index.jsp?data=27/08/2026&jornal=515&pagina=69;DOU_XML;Defere a Renovação do CEBAS da Liga Álvaro Bahia Contra à Mortalidade Infantil, com sede em Salvador (BA).;OK;OK;OK;OK;OK;
24237011#1;24237011;515_20260814_24237011.xml;2026-08-14;2026-08-13;Despacho GM/MS Nº 83, DE 13 DE agosto DE 2026;Ministério da Saúde/Gabinete do Ministro;SAUDE;07698767000185;S;INSTITUTO BRASILEIRO DE GESTÃO;RJ;OUTRO;;prazo para sanar pendencias (recurso em andamento);;153;98;http://pesquisa.in.gov.br/imprensa/jsp/visualiza/index.jsp?data=14/08/2026&jornal=515&pagina=98;DOU_XML;Decisão: À vista do que consta dos autos, adoto como razões os fundamentos de mérito e de fato apresentados na Nota Técnica nº 175/2026-CGCER/DCEBAS/SAES/MS para CONCEDER o prazo de 30 (trinta) dias para que a entidade interessada possa apresentar novas considerações e fazer juntada de documentos com vistas a sanar impropriedades identificadas pela autoridade julgadora nas razões do Indeferimento do Requerimento de Concessão, conforme estabelece o § 2º, do artigo 39 da Lei Complementar nº 187, de 16 de dezembro de 2021.;OK;OK;OK;OK;OK;"despacho concede prazo de 30 dias (nao e concessao de CEBAS); OUTRO correto"
24291521#1;24291521;515_20260827_24291521.xml;2026-08-27;2026-08-14;Portaria SAES/MS Nº 4.697, DE 14 DE agosto DE 2026;Ministério da Saúde/Secretaria de Atenção Especializada à Saúde;SAUDE;29445632000140;S;Associação de Proteção e Assistência à Maternidade e à Infância de Quatis;Quatis/RJ;RECONSIDERACAO;S;concessao;3 (Três) anos a contar da data de publicação no Diário Oficial da União - DOU;162;69;http://pesquisa.in.gov.br/imprensa/jsp/visualiza/index.jsp?data=27/08/2026&jornal=515&pagina=69;DOU_XML;Defere, em grau de Reconsideração, a Concessão do CEBAS da Associação de Proteção e Assistência à Maternidade e à Infância de Quatis, com sede em Quatis (RJ).;OK;OK;OK;OK;OK;"reconsideracao deferida; validade relativa (3 anos da publicacao)"
